Designator,Mid X,Mid Y,Rotation,Layer
BT1,76.179037,-60.218342,180.0,top
D1,61.559037,-48.016417,180.0,top
M1,73.009037,-46.416417,270.0,top
Q1,60.529037,-67.986417,180.0,top
R1,83.809037,-46.516417,270.0,top
R2,59.979037,-58.166417,90.0,top
R3,70.509037,-73.316417,270.0,top
